Robin Schmid <rschmid1789@gmail.com> <rschmid1789@gmail.com>
Robin Schmid <rschmid1789@gmail.com> <robinschmid@uni-muenster.de>
Robin Schmid <rschmid1789@gmail.com> <robinschmid@users.noreply.github.com>

Steffen Heuckeroth <steffen.heuckeroth@gmx.de> <steffen.heuckeroth@gmx.de>
Steffen Heuckeroth <steffen.heuckeroth@gmx.de> <Steffen@192.168.0.22>
Steffen Heuckeroth <steffen.heuckeroth@gmx.de> <SteffenHeu@users.noreply.github.com>
Steffen Heuckeroth <steffen.heuckeroth@gmx.de> <Steffen@10.67.50.18>
Steffen Heuckeroth <steffen.heuckeroth@gmx.de> <Steffen@10.67.29.251>
Steffen Heuckeroth <steffen.heuckeroth@gmx.de> <Steffen@10.67.19.38>
Steffen Heuckeroth <steffen.heuckeroth@gmx.de> <Steffen@10.67.44.234>
Steffen Heuckeroth <steffen.heuckeroth@gmx.de> <Steffen@10.67.54.197>
Steffen Heuckeroth <steffen.heuckeroth@gmx.de> <Steffen@192.168.0.17>
Steffen Heuckeroth <steffen.heuckeroth@gmx.de> <Steffen@DESKTOP-ER0J1NP.fritz.box>
Steffen Heuckeroth <steffen.heuckeroth@gmx.de> <steffen.heuckeroth@gmx.de>

Ansgar Korf <ansgar.korf@protonmail.com> <ansgar.korf@protonmail.com>
Ansgar Korf <ansgar.korf@protonmail.com> <a_korf03@uni-muenster.de>
Ansgar Korf <ansgar.korf@protonmail.com> <ansgar.korf@protonmail.com>
Ansgar Korf <ansgar.korf@protonmail.com> <ansgar.korf@wwu.de>
Ansgar Korf <ansgar.korf@protonmail.com> <ansgar@ansgar_WWU>
Ansgar Korf <ansgar.korf@protonmail.com> <ansgar.korf@wwu.de>
Ansgar Korf <ansgar.korf@protonmail.com> <a_korf03@uni-muenster.de>
Ansgar Korf <ansgar.korf@protonmail.com> <ansgar@ansgar-pc>

Aleksandr Smirnov <asmirno1@uncc.edu> <smirnov09al@gmail.com>

Tomas Pluskal <plusik@gmail.com> <plusik@gmail.com>

Thomas F. Dyrlund <tfrd@steno.dk> <thomas@dyrlund.dk>


Tim Fallon <photocyte@photcyte.org> <photocyte@photcyte.org>
Tim Fallon <photocyte@photcyte.org> <tfallon@mit.edu>

Xiuxia Du <dulab.binf@gmail.com> <dulab.binf@gmail.com>
Xiuxia Du <dulab.binf@gmail.com> <xiuxia.du@uncc.edu>

Kai Dührkop <kai.duehrkop@uni-jena.de> <kai.duehrkop@uni-jena.de>

Kirill Ponomarov <kirill.ponomarov.work@gmail.com> <kirill.ponomarov.work@gmail.com>
Kirill Ponomarov <kirill.ponomarov.work@gmail.com> <InspiritedCoder@users.noreply.github.com>
Kirill Ponomarov <kirill.ponomarov.work@gmail.com> <ponomkyr@fit.cvut.cz>

Roman Bushuiev <ro3721@gmail.com> <ro3721@gmail.com>
Roman Bushuiev <ro3721@gmail.com> <bushurom@fit.cvut.cz>
Roman Bushuiev <ro3721@gmail.com> <37666912+roman-bushuiev@users.noreply.github.com>
Roman Bushuiev <ro3721@gmail.com> <37666912+roman4750@users.noreply.github.com>
Roman Bushuiev <ro3721@gmail.com> <roman-bushuiev@users.noreply.github.com>

Gauthier Boaglio <gauthier.boaglio@gmail.com> <gauthier.boaglio@gmail.com>
Gauthier Boaglio <gauthier.boaglio@gmail.com> <gauthier.boaglio@cefe.cnrs.fr>
Gauthier Boaglio <gauthier.boaglio@gmail.com> <golgauth@users.noreply.github.com>

Nils Hoffmann <nils.hoffmann@isas.de> <nils.hoffmann@isas.de>
Nils Hoffmann <nils.hoffmann@isas.de> <3309580+nilshoffmann@users.noreply.github.com>

Kevin-Murray <kjmurray1592@gmail.com> <kjmurray1592@gmail.com>